country,sex,year,0-4,5-9,10-14,15-19,20-24,25-29,30-34,35-39,40-44,45-49,50-54,55-59,60-64,65-69,70-74,75-79,80-84,85-89,90-94,95-99,100+
Afghanistan,FEMALE,2020,2765,2642,2540,2252,1909,1499,1179,988,791,628,503,396,308,229,172,91,42,14,3,0,0
Albania,FEMALE,2020,80,80,75,93,111,115,101,76,77,90,96,103,95,74,56,45,28,13,4,1,0
Algeria,FEMALE,2020,2467,2269,1872,1426,1469,1762,1850,1765,1503,1220,1035,870,684,560,364,272,186,90,27,4,0
Angola,FEMALE,2020,2871,2536,2183,1781,1458,1231,1041,850,685,561,411,345,253,159,117,69,38,13,3,0,0
Antigua and Barbuda,FEMALE,2020,4,4,3,3,4,4,4,4,4,4,4,3,2,2,1,1,1,0,0,0,0
Argentina,FEMALE,2020,1833,1821,1766,1740,1715,1745,1660,1572,1572,1360,1198,1120,1007,899,758,578,406,251,114,28,3
Armenia,FEMALE,2020,97,100,93,79,84,121,141,128,104,89,93,114,113,77,51,26,38,14,6,1,0
Aruba,FEMALE,2020,3,3,3,4,4,4,3,3,4,4,4,5,4,3,2,2,1,0,0,0,0
Australia,FEMALE,2020,812,798,785,742,783,871,936,921,818,846,789,782,725,631,556,397,282,192,100,30,3
Austria,FEMALE,2020,218,206,205,219,246,295,305,308,281,307,356,347,298,237,220,215,153,90,47,13,1
Azerbaijan,FEMALE,2020,389,400,324,296,341,439,476,413,337,320,331,345,266,169,87,54,56,23,6,1,0
Bahamas,FEMALE,2020,13,13,16,16,17,17,14,14,14,15,13,13,10,6,4,3,2,1,0,0,0
Bahrain,FEMALE,2020,53,52,47,40,39,69,73,54,47,35,29,25,17,9,5,3,2,1,0,0,0
Bangladesh,FEMALE,2020,7008,7167,7382,7610,7497,7268,6984,6477,5672,4708,4040,3221,2129,1307,1150,884,534,266,99,24,4
Barbados,FEMALE,2020,7,8,9,9,9,9,9,10,10,11,10,11,10,8,6,5,4,2,1,0,0
Belarus,FEMALE,2020,271,289,236,216,207,319,397,356,332,331,317,410,380,353,170,181,165,81,35,6,0
Belgium,FEMALE,2020,307,323,326,312,320,356,371,379,370,374,390,397,371,327,295,212,189,138,67,18,2
Belize,FEMALE,2020,19,19,19,20,20,18,16,14,12,11,9,7,5,4,2,2,1,1,0,0,0
Benin,FEMALE,2020,940,832,734,638,553,471,393,328,274,227,187,150,116,86,65,43,21,8,2,0,0
Bhutan,FEMALE,2020,31,30,33,34,35,35,35,29,22,18,15,12,10,7,6,4,3,1,1,0,0
Bolivia (Plurinational State of),FEMALE,2020,580,577,568,557,524,481,433,383,335,287,243,205,172,145,118,90,60,35,16,5,1
Bosnia and Herzegovina,FEMALE,2020,65,79,88,81,105,91,106,119,109,112,117,140,126,118,81,60,53,16,7,2,0
Botswana,FEMALE,2020,134,132,122,111,101,100,97,95,80,60,43,38,35,27,17,12,6,2,1,0,0
Brazil,FEMALE,2020,7070,7137,7319,7965,8466,8419,8576,8735,7957,7079,6652,6090,5045,4034,2958,2011,1396,752,350,97,15
Brunei Darussalam,FEMALE,2020,15,17,15,16,17,16,18,18,17,16,14,11,8,6,3,2,1,1,0,0,0
Bulgaria,FEMALE,2020,152,164,180,152,145,189,233,228,259,257,236,238,248,255,250,176,124,67,19,3,0
Burkina Faso,FEMALE,2020,1706,1513,1336,1131,945,786,658,557,454,360,294,233,181,132,89,53,23,6,1,0,0
Burundi,FEMALE,2020,1016,903,752,608,524,498,442,335,227,158,140,124,106,74,39,25,13,5,1,0,0
Cabo Verde,FEMALE,2020,26,26,25,24,23,25,25,22,17,14,13,12,9,6,3,3,3,1,0,0,0
Cambodia,FEMALE,2020,872,859,801,727,754,780,639,851,334,422,391,356,277,219,133,80,40,16,4,1,0
Cameroon,FEMALE,2020,2038,1848,1648,1420,1206,1065,930,769,601,470,368,287,220,168,116,70,34,10,1,0,0
Canada,FEMALE,2020,972,966,969,971,1155,1344,1310,1330,1239,1194,1207,1378,1287,1103,925,658,459,313,169,53,7
Central African Republic,FEMALE,2020,366,347,332,298,241,179,138,112,93,80,67,55,45,33,23,15,8,3,0,0,0
Chad,FEMALE,2020,1455,1257,1090,926,766,622,494,389,304,237,185,152,125,99,60,37,19,7,2,0,0
Channel Islands,FEMALE,2020,4,4,4,5,5,6,6,6,6,7,7,6,5,5,4,3,2,2,1,0,0
Chile,FEMALE,2020,570,622,614,612,691,784,761,693,661,633,619,587,515,433,318,236,167,105,53,15,3
China,FEMALE,2020,39476,40415,38913,38239,40884,46466,62296,48746,46985,58664,61097,48782,38597,37623,23525,14337,9298,4739,1574,359,62
"China, Hong Kong SAR",FEMALE,2020,174,141,135,129,185,266,309,354,340,330,324,344,297,236,176,92,96,72,40,14,3
"China, Macao SAR",FEMALE,2020,18,16,12,11,18,26,36,32,22,28,27,29,22,17,10,5,4,3,2,0,0
"China, Taiwan Province of China",FEMALE,2020,487,501,469,581,721,784,796,963,1027,886,914,952,863,749,469,330,254,148,67,18,3
Colombia,FEMALE,2020,1812,1810,1895,2080,2175,2191,2025,1903,1773,1607,1537,1396,1129,913,650,446,298,166,70,19,3
Comoros,FEMALE,2020,61,56,50,44,39,35,31,27,21,17,14,12,9,6,4,3,1,0,0,0,0
Congo,FEMALE,2020,407,382,340,285,237,199,177,163,147,121,95,71,51,37,25,15,7,2,0,0,0
Costa Rica,FEMALE,2020,170,175,174,178,196,209,213,196,174,153,155,152,125,93,73,50,33,19,9,3,0
Côte d'Ivoire,FEMALE,2020,2053,1801,1594,1452,1274,1066,874,715,584,451,351,281,221,162,99,61,28,8,1,0,0
Croatia,FEMALE,2020,89,98,103,96,115,115,127,138,142,134,142,155,151,147,117,95,87,52,19,3,0
Cuba,FEMALE,2020,278,305,293,312,341,347,408,340,305,470,509,498,315,301,239,193,130,71,34,12,2
Curacao,FEMALE,2020,4,5,5,5,5,5,5,5,5,6,7,7,6,5,4,3,2,1,1,0,0
Cyprus,FEMALE,2020,31,33,33,35,44,46,47,47,45,40,39,36,33,28,24,18,13,7,3,1,0
Czechia,FEMALE,2020,272,270,279,238,230,310,349,369,453,424,341,328,331,364,342,246,148,96,39,9,0
Dem. People's Republic of Korea,FEMALE,2020,852,823,824,919,948,974,911,884,772,1077,1078,760,778,378,461,380,235,90,23,3,0
Democratic Republic of the Congo,FEMALE,2020,7836,6771,5722,4712,3861,3223,2681,2225,1833,1509,1235,991,774,581,429,269,135,50,12,2,0
Denmark,FEMALE,2020,150,145,164,166,182,197,174,158,180,190,208,195,175,159,180,126,83,48,25,8,1
Djibouti,FEMALE,2020,49,48,40,41,41,40,41,37,31,25,21,17,13,9,7,4,2,1,0,0,0
Dominican Republic,FEMALE,2020,491,488,479,470,462,456,416,366,337,308,277,243,200,152,108,74,52,30,13,5,1
Ecuador,FEMALE,2020,815,788,761,766,771,728,679,615,554,502,440,372,310,253,173,130,84,47,21,8,2
Egypt,FEMALE,2020,6169,5977,4698,4225,4105,3998,3999,3512,2979,2481,2144,1828,1510,1121,908,500,291,135,42,8,1
El Salvador,FEMALE,2020,281,279,283,292,322,307,260,230,217,196,174,153,128,109,81,63,43,22,8,2,0
Equatorial Guinea,FEMALE,2020,99,85,71,60,58,56,53,39,27,20,17,12,10,8,5,3,1,0,0,0,0
Eritrea,FEMALE,2020,242,233,238,183,142,143,134,96,72,72,46,43,35,33,26,17,9,4,1,0,0
Estonia,FEMALE,2020,33,36,36,30,28,41,48,45,43,47,39,47,47,49,33,36,31,18,8,2,0
Eswatini,FEMALE,2020,71,71,74,64,54,48,44,45,34,22,13,10,10,9,8,6,4,1,0,0,0
Ethiopia,FEMALE,2020,8271,7526,6854,6433,5816,4802,3758,3183,2488,2033,1661,1316,1110,833,649,401,203,85,22,3,0
Fiji,FEMALE,2020,43,43,41,37,35,34,33,33,28,24,23,22,18,12,8,5,2,1,0,0,0
Finland,FEMALE,2020,129,149,152,144,153,175,168,174,169,154,175,186,182,185,190,125,95,62,32,8,1
France,FEMALE,2020,1770,1912,1951,1902,1828,1852,2010,2074,2000,2213,2217,2192,2070,2006,1896,1222,1072,854,471,156,16
French Guiana,FEMALE,2020,17,15,14,14,13,11,10,11,10,9,8,6,5,4,2,2,1,0,0,0,0
French Polynesia,FEMALE,2020,10,9,11,10,11,9,12,11,9,10,9,8,6,5,3,3,1,1,0,0,0
Gabon,FEMALE,2020,158,139,114,96,89,93,93,76,58,47,37,28,21,16,12,9,5,2,0,0,0
Gambia,FEMALE,2020,203,175,149,128,115,102,82,64,51,40,35,26,17,13,10,6,2,1,0,0,0
Georgia,FEMALE,2020,130,137,120,102,110,132,146,140,136,131,131,151,140,123,92,64,66,26,10,2,0
Germany,FEMALE,2020,1976,1852,1832,1969,2171,2302,2619,2656,2508,2576,3328,3414,2966,2532,2043,2006,1900,1022,522,159,16
Ghana,FEMALE,2020,2040,1903,1703,1534,1398,1240,1108,945,803,699,596,480,346,224,160,89,40,12,2,0,0
Greece,FEMALE,2020,198,228,263,257,259,251,288,362,384,397,403,367,356,312,297,224,229,156,61,14,2
Grenada,FEMALE,2020,4,4,4,4,4,5,5,4,3,3,3,3,3,2,1,1,1,0,0,0,0
Guadeloupe,FEMALE,2020,11,11,14,15,14,9,9,11,13,16,17,17,15,13,11,8,6,4,2,1,0
Guam,FEMALE,2020,7,7,6,7,7,6,6,5,5,5,5,5,4,3,3,2,1,1,0,0,0
Guatemala,FEMALE,2020,1010,969,942,954,889,804,687,610,509,407,323,262,218,180,123,89,60,34,13,3,0
Guinea,FEMALE,2020,1043,927,838,748,645,530,430,351,284,233,197,170,142,111,66,40,18,5,1,0,0
Guinea-Bissau,FEMALE,2020,151,138,121,104,91,83,72,60,46,36,27,22,19,16,10,6,2,1,0,0,0
Guyana,FEMALE,2020,36,36,35,37,37,33,22,25,23,23,21,19,15,12,8,4,4,1,1,0,0
Haiti,FEMALE,2020,619,608,592,569,536,496,461,422,325,252,221,192,153,124,84,61,36,16,5,1,0
Honduras,FEMALE,2020,497,484,502,510,499,440,389,345,295,241,199,158,126,98,66,46,31,19,8,2,0
Hungary,FEMALE,2020,224,218,236,236,252,310,299,320,405,385,330,290,349,381,285,236,166,95,35,10,0
Iceland,FEMALE,2020,10,11,11,11,11,12,11,12,11,10,10,11,10,9,7,5,3,3,1,0,0
India,FEMALE,2020,55651,56105,59853,59375,57639,55358,53301,49466,43589,38684,33673,29106,24196,19092,12464,8021,4658,1956,556,131,31
Indonesia,FEMALE,2020,11566,11887,11175,11310,11028,10278,10018,10603,9787,8997,7947,6660,5245,3576,2525,1685,1002,385,113,17,1
Iran (Islamic Republic of),FEMALE,2020,3724,3362,3032,2700,2755,3404,4255,4152,3220,2556,2297,1851,1572,1136,738,435,245,115,29,4,0
Iraq,FEMALE,2020,2612,2542,2218,2023,1858,1647,1435,1214,1061,896,731,496,363,340,178,135,75,30,8,1,0
Ireland,FEMALE,2020,152,174,175,153,143,136,156,198,203,186,157,146,127,118,101,70,48,27,12,4,1
Israel,FEMALE,2020,413,400,359,325,304,280,279,279,273,251,212,194,184,188,154,94,73,51,26,7,1
Italy,FEMALE,2020,1127,1296,1387,1392,1416,1536,1663,1809,2097,2432,2488,2384,2051,1852,1805,1455,1344,893,453,133,13
Jamaica,FEMALE,2020,113,115,112,117,128,125,115,108,95,94,89,76,66,46,36,25,17,9,4,1,0
Japan,FEMALE,2020,2325,2628,2708,2776,2921,2999,3314,3748,4161,4916,4294,3918,3763,4283,4815,3897,3129,2348,1290,422,69
Jordan,FEMALE,2020,516,566,563,515,466,428,384,350,295,258,209,160,111,77,60,43,23,9,2,0,0
Kazakhstan,FEMALE,2020,930,947,779,545,536,733,843,670,603,569,519,576,458,380,201,159,152,45,18,3,0
Kenya,FEMALE,2020,3486,3461,3341,2989,2617,2191,2030,1743,1397,1088,822,628,477,351,220,117,65,25,4,0,0
Kiribati,FEMALE,2020,7,7,7,5,5,5,5,4,3,3,3,2,2,1,1,1,0,0,0,0,0
Kuwait,FEMALE,2020,141,148,135,101,94,89,140,186,174,161,119,70,49,23,14,7,4,1,0,0,0
Kyrgyzstan,FEMALE,2020,370,375,294,245,252,280,287,220,182,168,155,153,122,82,49,22,24,12,4,1,0
Lao People's Democratic Republic,FEMALE,2020,391,378,372,350,343,334,293,248,209,178,146,119,93,70,48,30,16,6,2,0,0
Latvia,FEMALE,2020,55,45,50,43,33,57,70,60,61,69,63,79,73,72,48,60,35,27,14,4,0
Lebanon,FEMALE,2020,277,279,265,285,299,303,282,259,229,203,177,137,115,107,69,41,36,20,5,1,0
Lesotho,FEMALE,2020,126,113,106,108,101,94,84,72,56,45,40,37,33,25,18,12,8,4,1,0,0
Liberia,FEMALE,2020,363,332,306,272,229,188,166,147,122,100,80,65,52,39,25,18,9,3,0,0,0
Libya,FEMALE,2020,303,322,304,274,266,274,293,288,277,237,182,125,86,64,43,33,20,8,2,0,0
Lithuania,FEMALE,2020,70,75,59,59,65,87,90,73,81,101,97,128,105,100,70,78,55,42,21,5,0
Luxembourg,FEMALE,2020,16,16,16,17,19,22,24,25,22,23,23,21,17,14,11,9,7,5,2,1,0
Madagascar,FEMALE,2020,2031,1808,1655,1503,1341,1115,917,771,658,543,439,353,277,205,122,76,41,17,4,1,0
Malawi,FEMALE,2020,1447,1357,1275,1088,925,782,663,510,414,325,255,197,154,115,91,58,29,9,2,0,0
Malaysia,FEMALE,2020,1279,1217,1188,1293,1389,1414,1417,1286,989,921,834,709,606,468,343,193,120,52,15,3,0
Maldives,FEMALE,2020,17,18,16,13,15,20,22,19,13,11,9,8,6,3,2,2,1,1,0,0,0
Mali,FEMALE,2020,1772,1551,1357,1110,880,712,584,499,419,337,256,194,154,123,80,51,21,6,1,0,0
Malta,FEMALE,2020,11,10,10,10,12,14,16,16,15,14,12,14,15,14,15,9,7,4,2,0,0
Martinique,FEMALE,2020,9,9,11,12,12,8,10,10,11,15,17,18,15,13,11,8,7,5,2,1,0
Mauritania,FEMALE,2020,339,304,265,232,205,183,165,141,117,94,76,61,47,34,24,15,8,3,1,0,0
Mauritius,FEMALE,2020,31,34,40,46,47,51,44,43,49,41,43,46,39,33,25,14,9,5,2,1,0
Mayotte,FEMALE,2020,18,17,17,15,12,10,10,9,8,6,5,4,3,2,1,1,1,0,0,0,0
Mexico,FEMALE,2020,5354,5479,5448,5515,5435,5412,5041,4746,4502,4233,3689,3091,2500,1938,1341,948,602,361,168,50,8
Micronesia (Fed. States of),FEMALE,2020,6,6,6,6,6,5,4,3,3,3,3,2,2,1,1,0,0,0,0,0,0
Mongolia,FEMALE,2020,185,179,139,108,114,135,155,126,113,102,88,79,55,34,21,15,8,4,1,0,0
Montenegro,FEMALE,2020,18,18,19,19,20,21,21,23,22,21,19,21,20,20,14,10,8,4,1,0,0
Morocco,FEMALE,2020,1619,1670,1522,1451,1409,1487,1444,1423,1249,1117,1009,916,791,587,342,284,186,74,14,1,0
Mozambique,FEMALE,2020,2566,2273,2028,1781,1473,1211,1002,848,686,558,453,355,275,219,163,103,53,18,3,0,0
Myanmar,FEMALE,2020,2232,2241,2413,2531,2392,2234,2116,2020,1958,1832,1644,1389,1159,911,523,323,179,73,18,2,0
Namibia,FEMALE,2020,168,159,141,123,124,117,101,82,67,56,45,38,30,22,15,11,6,3,1,0,0
Nepal,FEMALE,2020,1321,1370,1457,1584,1685,1530,1293,1120,991,826,684,559,441,352,264,187,83,31,8,1,0
Netherlands,FEMALE,2020,419,435,456,494,498,528,532,505,501,574,634,620,563,510,488,337,246,161,73,21,2
New Caledonia,FEMALE,2020,10,11,11,11,11,9,10,10,10,10,9,8,7,5,4,3,2,1,0,0,0
New Zealand,FEMALE,2020,147,153,156,149,158,168,163,153,145,165,163,164,146,124,110,78,54,32,17,5,1
Nicaragua,FEMALE,2020,321,321,309,291,284,287,276,260,222,185,150,128,110,84,47,38,25,14,6,2,0
Niger,FEMALE,2020,2347,1952,1606,1295,1024,800,641,540,441,357,296,236,181,132,99,59,24,6,1,0,0
Nigeria,FEMALE,2020,16561,14626,12633,10759,8898,7448,6431,5578,4673,3771,2996,2426,1892,1369,901,480,179,41,5,0,0
North Macedonia,FEMALE,2020,54,56,54,59,63,74,79,80,76,72,72,70,66,61,44,31,21,9,2,0,0
Norway,FEMALE,2020,146,152,156,157,171,181,184,175,167,183,183,163,154,138,136,95,64,44,23,8,1
Oman,FEMALE,2020,222,187,150,121,129,177,199,160,116,78,58,40,33,26,17,13,6,3,2,1,0
Pakistan,FEMALE,2020,13454,12273,11297,10533,10030,9337,8221,6853,5693,4728,4054,3406,2613,1802,1334,914,467,172,36,4,0
Panama,FEMALE,2020,190,188,181,175,172,163,158,150,144,134,118,101,82,64,48,36,24,15,7,3,1
Papua New Guinea,FEMALE,2020,535,504,481,447,407,350,311,286,250,211,174,142,112,82,48,25,11,3,1,0,0
Paraguay,FEMALE,2020,342,334,331,322,331,315,291,251,198,157,144,128,109,91,65,46,30,14,6,1,0
Peru,FEMALE,2020,1383,1303,1370,1257,1399,1406,1320,1229,1120,998,892,764,630,528,379,280,184,103,37,9,1
Philippines,FEMALE,2020,5166,5552,5329,5055,4913,4672,4080,3610,3255,2876,2578,2174,1778,1349,952,597,378,166,59,13,2
Poland,FEMALE,2020,918,926,963,853,971,1202,1356,1533,1456,1285,1128,1196,1445,1354,1076,645,585,392,177,44,4
Portugal,FEMALE,2020,194,214,240,257,270,271,287,337,396,420,389,391,360,337,314,260,213,146,61,15,2
Puerto Rico,FEMALE,2020,41,76,102,86,64,71,78,90,102,109,116,112,109,95,90,66,47,30,15,6,1
Qatar,FEMALE,2020,66,66,59,48,48,73,94,87,58,42,31,19,11,6,4,2,1,1,0,0,0
Republic of Korea,FEMALE,2020,923,1098,1102,1187,1533,1629,1549,1823,1909,2107,2147,2079,1919,1391,1068,898,680,379,143,35,4
Republic of Moldova,FEMALE,2020,99,107,105,98,118,162,206,175,152,135,125,157,146,136,64,53,38,19,7,1,0
Réunion,FEMALE,2020,32,33,33,35,31,28,26,28,31,31,34,31,26,21,15,11,8,5,2,1,0
Romania,FEMALE,2020,457,469,525,483,487,514,667,576,750,740,764,537,694,698,542,371,353,181,62,11,1
Russian Federation,FEMALE,2020,4509,4549,3988,3461,3241,4417,6243,6014,5477,5096,4551,5757,5848,5172,3468,2222,2565,1071,546,91,9
Rwanda,FEMALE,2020,935,835,777,681,597,525,494,444,317,244,179,186,136,103,65,41,16,10,1,0,0
Saint Lucia,FEMALE,2020,5,5,6,7,8,8,7,7,7,7,6,6,4,3,3,2,1,1,0,0,0
Saint Vincent and the Grenadines,FEMALE,2020,4,4,4,4,5,4,4,4,4,3,3,3,3,2,1,1,1,0,0,0,0
Samoa,FEMALE,2020,13,12,11,9,8,7,5,5,5,5,4,4,3,2,2,1,1,0,0,0,0
Sao Tome and Principe,FEMALE,2020,16,15,14,12,9,7,7,6,6,4,4,3,2,2,1,1,0,0,0,0,0
Saudi Arabia,FEMALE,2020,1468,1467,1301,1090,1105,1358,1417,1333,1284,969,607,426,287,239,142,99,56,24,8,2,0
Senegal,FEMALE,2020,1289,1192,1037,875,760,664,579,503,408,329,262,208,164,126,85,55,27,9,1,0,0
Serbia,FEMALE,2020,202,211,235,248,256,278,300,295,311,307,290,285,289,323,259,155,126,67,19,2,0
Seychelles,FEMALE,2020,4,4,4,3,3,3,3,3,3,4,3,3,2,2,1,1,1,0,0,0,0
Sierra Leone,FEMALE,2020,578,533,495,436,376,323,272,227,183,149,120,95,73,55,39,24,11,4,1,0,0
Singapore,FEMALE,2020,124,107,118,128,178,197,204,224,228,232,218,220,205,166,100,55,43,25,12,3,1
Slovakia,FEMALE,2020,139,138,138,128,142,178,201,213,223,199,175,187,192,184,138,102,68,40,14,2,0
Slovenia,FEMALE,2020,49,53,51,45,46,53,64,71,75,70,74,74,73,71,52,46,37,26,11,2,0
Solomon Islands,FEMALE,2020,50,45,38,34,29,25,21,20,19,16,11,9,7,5,4,3,1,1,0,0,0
Somalia,FEMALE,2020,1403,1187,1054,906,766,583,438,339,288,256,212,168,132,101,69,40,20,7,2,0,0
South Africa,FEMALE,2020,2846,2877,2721,2441,2447,2589,2664,2378,1917,1655,1401,1184,990,785,536,368,203,75,14,1,0
South Sudan,FEMALE,2020,843,760,682,595,528,450,372,296,247,204,169,136,106,77,60,38,19,7,2,0,0
Spain,FEMALE,2020,964,1088,1207,1087,1101,1158,1303,1647,1974,1925,1804,1730,1513,1253,1181,1005,758,661,323,84,11
Sri Lanka,FEMALE,2020,816,834,857,834,753,732,729,786,794,697,677,648,601,494,415,254,130,68,23,3,0
State of Palestine,FEMALE,2020,338,328,290,254,245,229,182,145,122,100,83,66,45,34,24,16,9,3,1,0,0
Sudan,FEMALE,2020,3123,2855,2626,2372,2058,1720,1405,1231,1049,874,728,581,456,348,242,151,79,32,9,2,0
Suriname,FEMALE,2020,25,25,25,24,24,23,21,20,18,19,16,16,11,8,6,4,3,1,1,0,0
Sweden,FEMALE,2020,292,288,285,264,264,359,340,306,299,323,334,305,283,266,289,224,150,99,52,16,2
Switzerland,FEMALE,2020,221,211,200,208,238,274,296,310,284,296,335,320,265,226,220,179,131,89,47,12,1
Syrian Arab Republic,FEMALE,2020,940,841,858,772,785,730,749,700,562,429,356,309,243,191,111,83,49,25,7,1,0
Tajikistan,FEMALE,2020,659,594,475,395,408,402,395,302,238,210,192,170,128,75,42,21,17,6,2,0,0
Thailand,FEMALE,2020,1746,1867,1997,2134,2358,2395,2235,2401,2728,2925,2940,2677,2329,1764,1269,901,634,349,144,35,6
Timor-Leste,FEMALE,2020,87,75,76,75,64,57,45,34,23,27,24,20,15,10,9,6,3,1,0,0,0
Togo,FEMALE,2020,608,559,510,444,371,315,284,249,209,168,131,102,78,58,39,22,9,2,0,0,0
Tonga,FEMALE,2020,6,6,6,5,5,4,3,3,3,3,2,2,2,1,1,1,0,0,0,0,0
Trinidad and Tobago,FEMALE,2020,43,47,47,44,42,48,58,63,51,46,42,48,39,32,24,17,10,5,2,0,0
Tunisia,FEMALE,2020,489,492,411,378,395,447,479,501,439,373,372,329,275,222,138,97,71,37,10,2,0
Turkey,FEMALE,2020,3210,3349,3311,3333,3321,3159,3176,3192,3031,2777,2439,2164,1865,1534,1109,799,522,300,95,15,1
Turkmenistan,FEMALE,2020,326,331,259,240,228,272,263,219,192,164,146,138,113,77,40,20,20,9,3,1,0
Uganda,FEMALE,2020,3858,3499,3072,2621,2205,1831,1483,1175,919,706,550,417,313,234,157,94,42,16,3,0,0
Ukraine,FEMALE,2020,1026,1201,1166,959,1045,1344,1760,1795,1710,1596,1504,1724,1702,1613,1136,838,867,308,152,23,2
United Arab Emirates,FEMALE,2020,244,251,222,189,229,351,474,407,238,158,121,86,42,20,12,5,3,2,0,0,0
United Kingdom,FEMALE,2020,1915,2011,1934,1806,2002,2209,2346,2308,2160,2168,2353,2307,1985,1734,1764,1305,970,639,321,96,13
United Republic of Tanzania,FEMALE,2020,4814,4262,3785,3192,2622,2289,1956,1635,1345,1073,842,655,503,370,272,162,77,24,4,0,0
United States of America,FEMALE,2020,9621,9799,10312,10409,10936,11691,11350,10757,10176,10085,10258,10840,10619,9354,7709,5401,3656,2372,1348,448,76
United States Virgin Islands,FEMALE,2020,3,3,4,3,3,3,3,3,3,3,4,4,4,4,3,2,1,1,0,0,0
Uruguay,FEMALE,2020,116,116,114,120,125,127,119,111,118,112,102,102,96,81,70,58,46,34,20,8,2
Uzbekistan,FEMALE,2020,1665,1598,1425,1239,1363,1549,1507,1282,1067,936,819,797,623,416,195,130,99,44,16,3,0
Vanuatu,FEMALE,2020,20,19,18,14,13,13,12,9,8,6,6,4,3,2,2,1,1,0,0,0,0
Venezuela (Bolivarian Republic of),FEMALE,2020,1161,1336,1298,1226,1047,1025,1056,1011,964,875,827,738,620,462,330,218,136,75,34,11,2
Viet Nam,FEMALE,2020,3728,3581,3364,3136,3320,4206,4158,3848,3508,3272,2960,2712,2319,1672,987,704,563,416,196,73,18
Western Sahara,FEMALE,2020,28,28,25,24,25,27,26,24,21,17,13,10,8,5,2,1,1,0,0,0,0
Yemen,FEMALE,2020,2015,1920,1740,1574,1443,1388,1156,903,667,491,410,350,265,196,141,81,41,15,4,1,0
Zambia,FEMALE,2020,1457,1346,1206,1059,880,730,612,507,411,308,223,173,130,96,68,43,23,8,1,0,0
Zimbabwe,FEMALE,2020,1043,1101,958,822,706,602,565,484,398,281,210,173,141,113,72,57,31,12,2,0,0
Afghanistan,MALE,2020,2907,2775,2652,2378,2017,1611,1299,1068,868,677,529,411,305,216,140,77,33,10,2,0,0
Albania,MALE,2020,87,88,87,106,117,129,123,91,76,80,89,99,91,70,52,41,26,11,3,0,0
Algeria,MALE,2020,2574,2367,1949,1484,1531,1812,1878,1783,1511,1214,1027,868,703,583,360,242,158,81,24,4,1
Angola,MALE,2020,2924,2568,2167,1752,1424,1192,999,809,646,521,376,333,229,145,95,50,22,7,1,0,0
Antigua and Barbuda,MALE,2020,4,4,3,4,4,4,3,3,3,3,3,3,2,2,1,1,0,0,0,0,0
Argentina,MALE,2020,1903,1889,1831,1800,1763,1775,1659,1550,1518,1278,1103,1003,877,746,579,386,228,113,38,7,1
Armenia,MALE,2020,108,114,106,91,93,111,126,108,87,73,70,85,84,55,34,16,21,8,3,0,0
Aruba,MALE,2020,3,3,3,4,4,4,3,3,3,3,4,4,4,3,2,1,1,0,0,0,0
Australia,MALE,2020,857,841,826,777,811,910,940,922,810,832,769,767,694,602,528,366,241,137,56,12,1
Austria,MALE,2020,230,220,219,234,263,312,316,315,284,305,357,347,285,214,187,169,107,52,20,4,0
Azerbaijan,MALE,2020,436,460,374,341,378,451,466,412,328,296,297,308,231,139,65,37,32,12,2,0,0
Bahamas,MALE,2020,14,14,16,16,17,17,14,13,13,14,12,11,8,5,4,2,1,1,0,0,0
Bahrain,MALE,2020,55,59,46,49,53,146,220,160,101,73,52,34,28,13,6,3,2,1,0,0,0
Bangladesh,MALE,2020,7320,7477,7707,7975,7742,7258,6779,6271,5554,4718,4265,3479,2372,1490,1207,855,488,217,68,14,2
Barbados,MALE,2020,8,8,9,10,10,9,9,9,9,10,9,9,9,7,5,4,3,2,1,0,0
Belarus,MALE,2020,277,307,249,228,219,334,417,361,321,302,275,343,285,226,99,75,54,21,7,1,0
Belgium,MALE,2020,326,346,346,329,338,372,375,379,381,392,405,406,365,307,260,171,132,78,28,6,0
Belize,MALE,2020,20,20,19,20,20,18,16,13,11,10,9,7,5,4,3,2,1,1,0,0,0
Benin,MALE,2020,969,856,754,654,563,475,392,323,265,216,176,137,103,74,46,30,14,5,1,0,0
Bhutan,MALE,2020,32,31,34,36,40,44,41,34,28,21,18,14,11,8,7,5,3,2,1,0,0
Bolivia (Plurinational State of),MALE,2020,606,602,593,580,541,493,438,385,333,283,237,198,164,134,107,77,47,25,10,3,0
Bosnia and Herzegovina,MALE,2020,69,83,93,84,112,96,111,123,112,115,114,129,115,104,62,39,32,10,4,0,0
Botswana,MALE,2020,138,135,125,114,103,99,90,83,69,52,38,28,24,19,12,7,3,1,0,0,0
Brazil,MALE,2020,7405,7465,7623,8253,8686,8534,8572,8594,7705,6722,6171,5508,4423,3394,2351,1481,922,423,161,38,6
Brunei Darussalam,MALE,2020,16,18,16,17,19,18,20,21,19,17,14,12,9,6,3,2,1,0,0,0,0
Bulgaria,MALE,2020,161,173,190,163,155,202,248,248,275,271,240,230,220,201,175,109,68,34,9,2,0
Burkina Faso,MALE,2020,1767,1567,1386,1176,975,802,662,551,439,334,260,191,136,90,59,33,13,3,1,0,0
Burundi,MALE,2020,1037,916,757,609,519,489,433,329,219,143,120,109,95,65,31,17,9,3,1,0,0
Cabo Verde,MALE,2020,26,27,26,25,23,27,28,24,19,16,12,10,7,4,2,1,1,1,0,0,0
Cambodia,MALE,2020,907,893,839,733,774,809,602,797,293,380,341,298,177,144,88,51,23,10,2,0,0
Cameroon,MALE,2020,2078,1882,1673,1436,1214,1067,931,770,602,468,361,273,201,145,94,53,23,6,1,0,0
Canada,MALE,2020,1021,1012,1014,1017,1208,1390,1316,1322,1224,1190,1216,1381,1275,1047,867,568,356,205,84,17,1
Central African Republic,MALE,2020,372,351,335,299,242,179,139,112,90,77,62,48,36,25,15,9,4,1,0,0,0
Chad,MALE,2020,1476,1265,1094,929,770,623,496,391,306,235,178,140,111,83,52,31,15,5,1,0,0
Channel Islands,MALE,2020,4,4,4,5,5,6,6,6,6,7,7,6,5,5,4,3,2,1,0,0,0
Chile,MALE,2020,592,644,636,632,712,809,785,707,663,621,595,550,467,377,263,176,108,57,24,5,1
China,MALE,2020,44456,46320,45350,44103,46274,51523,66443,51346,49289,61173,62348,49958,38917,36527,21425,12207,6884,2843,731,116,13
"China, Hong Kong SAR",MALE,2020,189,161,151,138,189,227,227,232,226,233,245,295,292,224,168,89,81,48,20,4,1
"China, Macao SAR",MALE,2020,18,17,13,12,18,26,32,30,22,22,20,24,22,17,11,4,3,1,1,0,0
"China, Taiwan Province of China",MALE,2020,524,541,507,632,782,834,825,964,1006,869,892,900,821,667,435,255,184,124,55,15,2
Colombia,MALE,2020,1899,1894,1979,2167,2247,2235,2032,1850,1648,1422,1371,1240,957,772,538,346,218,112,45,12,1
Comoros,MALE,2020,63,58,52,46,40,36,32,27,21,17,14,11,8,6,3,2,1,0,0,0,0
Congo,MALE,2020,415,389,345,288,239,199,177,163,147,121,94,68,46,31,19,10,4,1,0,0,0
Costa Rica,MALE,2020,178,183,182,186,204,216,218,199,174,149,150,146,119,86,66,43,27,14,6,1,0
Côte d'Ivoire,MALE,2020,2078,1818,1605,1453,1264,1057,867,716,601,481,388,318,253,185,115,66,27,7,1,0,0
Croatia,MALE,2020,95,104,108,101,121,121,131,143,146,135,139,145,138,129,89,61,47,20,6,1,0
Cuba,MALE,2020,294,323,310,331,360,372,423,352,313,474,489,470,292,266,210,162,100,51,22,7,1
Curacao,MALE,2020,5,5,5,6,5,5,4,4,4,5,5,6,5,4,3,2,1,1,0,0,0
Cyprus,MALE,2020,33,35,35,38,50,52,50,45,42,39,37,36,31,27,22,15,10,4,1,0,0
Czechia,MALE,2020,287,285,294,250,241,324,368,392,477,444,353,329,313,317,271,173,88,48,15,3,0
Dem. People's Republic of Korea,MALE,2020,894,862,861,957,993,1010,940,907,785,1081,1062,722,695,284,285,179,74,16,2,0,0
Democratic Republic of the Congo,MALE,2020,7992,6888,5806,4761,3869,3216,2660,2196,1796,1468,1186,934,712,518,360,211,98,32,7,1,0
Denmark,MALE,2020,158,153,173,173,192,205,181,159,181,188,214,194,171,150,172,109,64,30,12,2,0
Djibouti,MALE,2020,50,50,49,50,49,47,45,39,35,29,22,19,13,9,7,4,2,1,0,0,0
Dominican Republic,MALE,2020,512,508,498,489,477,458,410,372,332,299,264,230,189,141,96,64,43,23,10,3,1
Ecuador,MALE,2020,852,823,794,795,796,742,684,614,545,487,424,355,291,233,155,112,68,35,14,3,0
Egypt,MALE,2020,6529,6355,4986,4476,4311,4096,4066,3621,3061,2427,2070,1803,1452,1040,758,365,193,75,17,2,0
El Salvador,MALE,2020,295,292,295,296,311,276,214,178,165,147,129,112,93,76,58,46,32,15,5,1,0
Equatorial Guinea,MALE,2020,101,87,73,61,80,92,91,66,42,27,20,13,10,7,4,3,1,0,0,0,0
Eritrea,MALE,2020,253,244,248,190,143,144,135,96,69,68,43,41,33,27,21,13,6,2,1,0,0
Estonia,MALE,2020,36,38,39,32,30,46,54,48,46,49,37,42,39,34,21,18,12,6,2,0,0
Eswatini,MALE,2020,73,72,74,65,59,52,38,34,26,22,17,12,10,7,5,3,1,0,0,0,0
Ethiopia,MALE,2020,8520,7721,6999,6543,5931,4890,3761,3091,2446,2071,1568,1159,947,736,540,340,169,67,16,2,0
Fiji,MALE,2020,46,45,42,39,37,36,34,35,29,25,24,22,17,11,7,3,2,1,0,0,0
Finland,MALE,2020,135,156,159,152,161,184,179,185,177,160,176,184,175,170,167,100,64,34,12,2,0
France,MALE,2020,1850,1996,2045,1986,1869,1822,1932,1995,1944,2169,2146,2079,1903,1786,1627,982,740,476,194,44,3
French Guiana,MALE,2020,18,16,15,14,13,10,9,9,10,9,7,6,5,4,2,1,1,0,0,0,0
French Polynesia,MALE,2020,10,10,12,11,11,10,11,10,10,10,10,8,7,5,3,2,1,1,0,0,0
Gabon,MALE,2020,162,141,116,97,90,95,96,85,71,57,41,28,20,15,10,6,3,1,0,0,0
Gambia,MALE,2020,207,178,151,129,113,99,78,59,46,37,31,24,17,12,9,5,2,1,0,0,0
Georgia,MALE,2020,138,148,133,115,123,135,144,136,128,123,115,126,110,87,58,35,31,11,3,0,0
Germany,MALE,2020,2082,1970,1979,2150,2382,2522,2823,2774,2552,2608,3353,3393,2855,2291,1791,1632,1359,613,237,46,4
Ghana,MALE,2020,2129,1985,1776,1603,1462,1299,1159,979,823,706,594,466,321,200,138,70,30,9,2,0,0
Greece,MALE,2020,211,244,279,269,270,277,310,377,397,397,393,343,320,269,253,183,165,105,43,9,1
Grenada,MALE,2020,5,5,4,4,4,5,5,4,3,3,3,3,3,2,1,1,1,0,0,0,0
Guadeloupe,MALE,2020,12,11,15,15,14,10,7,7,9,12,14,14,12,10,9,6,4,2,1,0,0
Guam,MALE,2020,7,7,7,7,7,7,6,5,5,5,5,5,4,3,2,1,1,0,0,0,0
Guatemala,MALE,2020,1055,1013,984,992,913,807,667,568,447,339,260,208,174,147,99,72,49,25,9,2,0
Guinea,MALE,2020,1057,939,850,763,660,530,398,292,216,166,136,111,88,67,39,25,11,3,0,0,0
Guinea-Bissau,MALE,2020,154,140,122,104,90,79,67,55,42,33,24,19,14,11,6,3,1,0,0,0,0
Guyana,MALE,2020,38,38,36,38,40,35,22,24,23,22,22,18,15,9,7,3,3,1,0,0,0
Haiti,MALE,2020,644,630,610,576,529,483,445,404,302,227,203,173,140,107,67,48,26,10,3,1,0
Honduras,MALE,2020,520,505,522,531,516,451,394,342,285,226,182,141,111,85,56,37,24,13,5,1,0
Hungary,MALE,2020,237,229,248,250,266,324,313,325,410,388,318,263,288,289,191,135,74,37,11,3,0
Iceland,MALE,2020,10,11,12,11,11,13,12,12,11,11,10,11,10,9,7,4,3,2,1,0,0
India,MALE,2020,61228,61877,66303,66671,64866,62039,58875,53994,46631,40757,35203,30150,24695,19168,11628,7063,3831,1576,437,92,17
Indonesia,MALE,2020,12093,12411,11810,12008,11626,10640,9955,10590,9894,9169,8008,6540,5149,3560,2092,1272,629,208,56,6,0
Iran (Islamic Republic of),MALE,2020,3913,3567,3186,2830,2801,3382,4212,4120,3271,2608,2322,1826,1560,1129,710,471,307,162,27,4,0
Iraq,MALE,2020,2768,2687,2341,2129,1941,1719,1493,1262,1089,890,684,430,306,283,154,107,52,18,4,0,0
Ireland,MALE,2020,162,184,182,159,147,141,155,187,193,182,155,143,123,113,96,64,40,19,6,1,0
Israel,MALE,2020,435,423,379,343,320,293,285,279,270,246,205,184,166,166,134,77,52,33,14,4,0
Italy,MALE,2020,1197,1375,1470,1484,1527,1625,1703,1824,2092,2401,2420,2275,1903,1680,1587,1182,958,504,187,39,3
Jamaica,MALE,2020,118,119,115,122,133,129,117,103,84,85,82,73,58,44,35,23,15,8,4,1,0
Japan,MALE,2020,2454,2773,2857,2927,3076,3152,3476,3918,4307,5089,4365,3965,3733,4096,4312,3161,2210,1283,496,95,10
Jordan,MALE,2020,543,588,577,525,474,435,393,363,311,277,224,162,106,72,52,36,20,7,1,0,0
Kazakhstan,MALE,2020,990,1001,825,572,564,740,815,666,581,534,459,485,353,248,119,74,64,17,5,0,0
Kenya,MALE,2020,3558,3508,3395,3022,2619,2167,1993,1704,1362,1055,782,574,411,279,161,76,37,12,2,0,0
Kiribati,MALE,2020,8,7,7,5,5,5,4,4,3,2,3,2,1,1,1,0,0,0,0,0,0
Kuwait,MALE,2020,148,171,173,124,113,148,226,326,340,290,228,144,100,48,18,10,4,1,0,0,0
Kyrgyzstan,MALE,2020,390,394,306,255,262,289,285,222,179,157,141,133,98,61,30,11,9,4,1,0,0
Lao People's Democratic Republic,MALE,2020,406,392,385,359,349,337,298,247,208,178,143,119,92,64,36,22,11,4,1,0,0
Latvia,MALE,2020,59,49,53,44,36,61,73,61,60,65,57,66,57,48,27,28,14,8,3,1,0
Lebanon,MALE,2020,289,307,294,291,294,280,240,229,224,207,213,198,134,92,63,39,27,12,3,0,0
Lesotho,MALE,2020,128,113,105,108,103,97,91,81,63,45,34,29,22,16,11,6,3,1,0,0,0
Liberia,MALE,2020,378,346,317,280,234,190,168,149,123,99,78,61,46,32,20,14,6,2,0,0,0
Libya,MALE,2020,321,340,320,288,276,279,293,290,287,248,190,120,78,57,36,27,14,5,1,0,0
Lithuania,MALE,2020,75,80,62,63,68,96,97,78,80,94,88,108,81,66,39,37,28,14,5,1,0
Luxembourg,MALE,2020,17,17,16,18,21,24,25,25,24,25,25,22,18,14,11,7,5,3,1,0,0
Madagascar,MALE,2020,2079,1845,1676,1509,1335,1108,913,771,656,531,420,328,252,181,102,59,32,13,4,1,0
Malawi,MALE,2020,1477,1382,1287,1088,914,757,630,484,393,304,227,167,124,88,62,34,14,4,1,0,0
Malaysia,MALE,2020,1356,1291,1258,1377,1474,1493,1513,1435,1107,974,841,762,617,459,315,175,110,51,17,4,1
Maldives,MALE,2020,18,19,17,14,36,69,60,36,23,17,11,7,6,3,2,2,1,1,0,0,0
Mali,MALE,2020,1834,1604,1402,1141,896,716,583,494,408,322,233,166,126,99,61,39,16,5,1,0,0
Malta,MALE,2020,11,11,11,11,13,16,17,17,16,15,13,14,15,14,13,8,5,2,1,0,0
Martinique,MALE,2020,9,9,12,12,12,9,7,7,8,11,13,14,13,11,9,6,5,3,1,0,0
Mauritania,MALE,2020,351,314,272,238,211,188,169,144,118,94,73,56,42,28,17,10,5,2,0,0,0
Mauritius,MALE,2020,33,35,41,48,47,52,44,44,50,42,42,44,36,29,20,10,6,3,1,0,0
Mayotte,MALE,2020,18,18,18,15,13,9,7,7,7,6,5,3,3,2,1,1,1,0,0,0,0
Mexico,MALE,2020,5605,5732,5693,5695,5505,5384,4748,4344,4030,3783,3236,2742,2169,1657,1126,774,456,249,107,31,5
Micronesia (Fed. States of),MALE,2020,6,6,6,6,6,6,4,3,3,3,2,2,2,1,1,0,0,0,0,0,0
Mongolia,MALE,2020,190,183,142,110,115,136,154,129,110,98,80,66,43,26,15,10,5,2,0,0,0
Montenegro,MALE,2020,19,19,21,21,21,22,22,23,21,20,19,21,19,18,11,6,5,2,1,0,0
Morocco,MALE,2020,1706,1758,1606,1519,1466,1522,1418,1321,1112,975,916,903,776,581,340,231,124,37,6,0,0
Mozambique,MALE,2020,2591,2288,2026,1760,1439,1171,960,779,602,444,329,263,200,150,99,55,24,7,1,0,0
Myanmar,MALE,2020,2277,2272,2433,2541,2367,2170,2012,1925,1802,1628,1407,1132,891,643,368,209,101,35,7,1,0
Namibia,MALE,2020,168,159,141,122,121,112,96,78,63,51,38,30,21,14,9,6,3,1,0,0,0
Nepal,MALE,2020,1386,1386,1474,1605,1536,1135,776,604,606,623,579,485,382,313,210,151,70,23,5,0,0
Netherlands,MALE,2020,440,459,482,522,522,548,546,515,504,573,640,631,562,495,464,302,193,101,33,6,0
New Caledonia,MALE,2020,10,11,11,11,12,10,11,10,10,11,9,8,6,5,4,3,1,0,0,0,0
New Zealand,MALE,2020,155,161,165,154,166,178,161,141,133,149,149,153,136,116,103,70,43,23,10,2,0
Nicaragua,MALE,2020,336,339,329,312,301,294,273,246,199,157,124,105,90,65,36,29,18,8,3,1,0
Niger,MALE,2020,2440,2019,1659,1340,1063,831,625,453,398,333,266,249,186,146,91,48,18,5,1,0,0
Nigeria,MALE,2020,17377,15288,13159,11151,9170,7661,6614,5745,4786,3807,2948,2330,1765,1232,816,426,154,34,4,0,0
North Macedonia,MALE,2020,58,60,58,62,67,78,83,84,79,74,73,68,63,55,36,23,14,6,1,0,0
Norway,MALE,2020,155,160,165,164,182,192,192,187,180,195,195,172,157,137,131,85,49,27,11,2,0
Oman,MALE,2020,232,192,166,94,200,580,669,411,284,206,124,94,57,28,12,12,7,3,1,0,0
Pakistan,MALE,2020,14509,13226,12155,11443,10742,9821,8597,7144,5923,4905,4177,3486,2666,1821,1372,940,495,193,49,7,1
Panama,MALE,2020,199,196,189,182,177,166,159,152,144,134,117,98,78,59,43,31,20,11,5,2,0
Papua New Guinea,MALE,2020,573,539,513,476,430,368,325,298,260,217,175,138,105,73,42,22,9,3,1,0,0
Paraguay,MALE,2020,359,349,346,337,346,328,304,263,209,164,147,130,111,91,62,41,24,10,4,1,0
Peru,MALE,2020,1450,1309,1326,1182,1209,1361,1373,1309,1181,1048,900,758,617,501,353,244,161,71,22,4,0
Philippines,MALE,2020,5451,5846,5578,5408,5192,4808,4167,3645,3297,2884,2539,2076,1615,1137,710,381,202,75,17,2,0
Poland,MALE,2020,967,974,1011,882,995,1264,1470,1647,1503,1292,1111,1128,1280,1095,780,400,299,166,62,13,1
Portugal,MALE,2020,206,227,250,268,270,263,274,318,369,390,354,347,313,284,253,191,139,79,24,5,0
Puerto Rico,MALE,2020,44,80,108,99,79,75,78,85,94,95,96,91,87,70,68,50,31,17,8,2,0
Qatar,MALE,2020,69,70,63,58,189,407,401,264,197,165,125,79,43,22,9,2,1,1,0,0,0
Republic of Korea,MALE,2020,974,1159,1175,1289,1683,1871,1733,1975,2016,2186,2168,2083,1856,1288,930,665,404,161,42,8,1
Republic of Moldova,MALE,2020,104,114,111,105,123,168,212,181,150,126,110,130,112,94,41,27,16,7,2,0,0
Réunion,MALE,2020,33,34,35,36,33,27,23,23,27,29,32,29,24,19,13,9,5,3,1,0,0
Romania,MALE,2020,483,496,555,511,523,563,729,613,773,763,762,506,596,548,386,232,184,93,32,6,0
Russian Federation,MALE,2020,4763,4802,4186,3621,3374,4576,6301,5911,5128,4675,3929,4661,4225,3256,1923,937,920,319,122,11,1
Rwanda,MALE,2020,950,841,775,673,586,503,485,390,292,217,176,188,123,83,44,25,9,6,1,0,0
Saint Lucia,MALE,2020,5,6,6,7,8,8,7,7,6,6,6,5,4,3,2,2,1,1,0,0,0
Saint Vincent and the Grenadines,MALE,2020,4,4,4,5,5,4,4,4,4,4,3,4,3,2,1,1,1,0,0,0,0
Samoa,MALE,2020,14,13,12,10,9,8,6,5,5,5,5,4,3,2,1,1,0,0,0,0,0
Sao Tome and Principe,MALE,2020,16,15,15,13,9,8,7,6,6,4,4,3,2,1,1,0,0,0,0,0,0
Saudi Arabia,MALE,2020,1511,1510,1341,1129,1228,1664,2021,2210,2294,1862,1285,898,532,315,151,102,50,21,7,1,0
Senegal,MALE,2020,1326,1225,1062,890,759,641,531,437,334,261,205,160,122,93,60,39,18,5,1,0,0
Serbia,MALE,2020,217,226,252,265,273,296,318,302,311,301,280,266,259,272,205,110,79,39,9,1,0
Seychelles,MALE,2020,4,4,4,3,3,4,4,4,4,4,3,3,2,1,1,1,0,0,0,0,0
Sierra Leone,MALE,2020,581,534,497,439,378,329,281,236,190,150,116,87,62,43,29,17,7,2,0,0,0
Singapore,MALE,2020,134,114,123,137,219,238,230,238,245,260,249,260,239,189,90,44,31,15,5,1,0
Slovakia,MALE,2020,145,145,145,135,149,187,210,224,235,205,172,176,170,149,99,60,32,16,5,1,0
Slovenia,MALE,2020,52,56,54,47,50,56,70,78,83,77,77,75,73,69,45,34,23,12,3,1,0
Solomon Islands,MALE,2020,53,48,41,36,32,26,21,19,18,16,11,9,7,5,3,2,1,0,0,0,0
Somalia,MALE,2020,1424,1202,1066,913,768,577,430,327,273,237,195,159,130,99,66,35,16,5,1,0,0
South Africa,MALE,2020,2919,2943,2775,2472,2477,2629,2710,2404,1893,1578,1291,1036,804,585,359,213,96,28,4,0,0
South Sudan,MALE,2020,865,779,698,607,534,451,372,294,245,201,163,127,95,67,52,32,15,5,1,0,0
Spain,MALE,2020,1026,1157,1291,1151,1155,1204,1316,1636,2027,2013,1829,1684,1426,1148,1023,806,531,378,148,28,3
Sri Lanka,MALE,2020,844,856,865,831,743,675,623,682,731,660,640,589,513,405,312,165,78,39,15,3,0
State of Palestine,MALE,2020,355,343,303,263,253,238,188,150,126,101,84,65,43,30,24,13,7,2,0,0,0
Sudan,MALE,2020,3216,2934,2696,2429,2101,1748,1394,1173,978,827,697,547,419,313,213,127,63,24,6,1,0
Suriname,MALE,2020,27,27,27,26,25,24,22,20,18,19,17,16,11,7,5,3,2,1,0,0,0
Sweden,MALE,2020,309,304,301,277,280,374,353,321,310,332,345,312,284,260,275,206,120,63,25,5,0
Switzerland,MALE,2020,231,222,210,217,246,281,302,312,287,300,342,324,270,216,202,152,98,56,21,4,0
Syrian Arab Republic,MALE,2020,980,875,892,804,818,766,771,686,533,405,334,286,222,167,98,63,36,17,5,1,0
Tajikistan,MALE,2020,698,627,502,416,425,413,392,302,235,200,180,158,118,66,36,19,13,4,1,0,0
Thailand,MALE,2020,1850,1977,2117,2245,2450,2427,2232,2362,2580,2680,2659,2406,2039,1493,1013,683,437,214,81,18,3
Timor-Leste,MALE,2020,91,78,78,78,66,58,45,35,23,28,25,20,15,10,8,5,2,1,0,0,0
Togo,MALE,2020,612,562,514,447,373,316,284,248,205,162,124,94,70,50,33,18,7,2,0,0,0
Tonga,MALE,2020,6,6,6,6,5,4,3,3,3,2,2,2,1,1,1,1,0,0,0,0,0
Trinidad and Tobago,MALE,2020,45,49,49,45,43,49,59,63,50,45,40,45,37,29,20,13,7,3,1,0,0
Tunisia,MALE,2020,515,522,442,409,426,457,449,485,408,352,340,321,264,202,112,77,49,24,6,1,0
Turkey,MALE,2020,3357,3503,3462,3489,3449,3245,3219,3188,2977,2662,2316,1989,1581,1213,862,584,356,153,30,3,0
Turkmenistan,MALE,2020,335,341,265,245,233,276,262,213,186,155,138,113,88,56,29,14,12,4,1,0,0
Uganda,MALE,2020,3938,3561,3120,2636,2124,1713,1365,1078,846,662,515,370,255,172,105,56,21,6,1,0,0
Ukraine,MALE,2020,1088,1275,1237,1021,1101,1409,1825,1829,1627,1474,1299,1380,1226,999,633,377,320,104,36,4,0
United Arab Emirates,MALE,2020,255,262,231,201,487,1082,1322,967,678,534,336,255,144,37,24,15,4,2,1,0,0
United Kingdom,MALE,2020,2009,2109,2022,1881,2073,2275,2361,2280,2148,2128,2281,2232,1920,1647,1625,1137,767,439,170,35,3
United Republic of Tanzania,MALE,2020,4925,4362,3869,3242,2641,2295,1947,1624,1339,1063,819,611,445,305,200,107,44,12,1,0,0
United States of America,MALE,2020,10055,10246,10778,10834,11323,12144,11703,10859,10119,9969,10320,10702,10050,8465,6646,4327,2806,1539,703,179,21
United States Virgin Islands,MALE,2020,3,4,4,4,3,3,2,2,3,3,3,3,4,3,3,2,1,0,0,0,0
Uruguay,MALE,2020,121,121,119,125,129,131,121,111,116,109,95,93,83,68,53,39,24,14,5,1,0
Uzbekistan,MALE,2020,1767,1684,1501,1296,1420,1616,1524,1265,1039,890,749,704,545,355,149,98,65,24,7,1,0
Vanuatu,MALE,2020,22,20,19,16,13,12,11,9,8,7,6,5,3,2,2,1,1,0,0,0,0
Venezuela (Bolivarian Republic of),MALE,2020,1203,1395,1360,1275,1055,1003,1008,953,904,822,773,677,557,404,274,168,91,43,15,4,1
Viet Nam,MALE,2020,4165,4005,3734,3365,3500,4364,4279,3916,3526,3267,2908,2530,2012,1339,665,423,298,193,79,26,6
Western Sahara,MALE,2020,29,28,25,24,26,28,30,29,25,20,16,13,10,6,3,1,1,0,0,0,0
Yemen,MALE,2020,2100,1998,1808,1628,1482,1419,1174,909,695,509,364,299,244,174,118,64,28,9,2,0,0
Zambia,MALE,2020,1489,1371,1223,1062,867,704,582,485,397,298,210,155,107,70,45,24,10,3,0,0,0
Zimbabwe,MALE,2020,1055,1110,963,817,672,504,430,389,340,240,179,136,99,72,42,29,13,4,1,0,0
